"";"dm";"data_2019";"valor_2019";"acumulado_2019";"data_2020";"valor_2020";"acumulado_2020";"data_2021";"valor_2021";"acumulado_2021";"data_2022";"valor_2022";"acumulado_2022";"variacao22_21"
"1";"1/1";2019-01-01;0;0;2020-01-01;0;0;2021-01-01;0;0;2022-01-01;0;0;NA
"2";"2/1";2019-01-02;358575,55;358575,55;2020-01-02;331701,95;331701,95;2021-01-02;0;0;2022-01-02;0;0;NA
"3";"3/1";2019-01-03;40541,77;399117,32;2020-01-03;3621686,47;3953388,42;2021-01-03;0;0;2022-01-03;51349,55;51349,55;Inf
"4";"4/1";2019-01-04;8430698,36;8829815,68;2020-01-04;0;3953388,42;2021-01-04;291802,64;291802,64;2022-01-04;2187453,57;2238803,12;667,231961986362
"5";"5/1";2019-01-05;0;8829815,68;2020-01-05;0;3953388,42;2021-01-05;16872795,99;17164598,63;2022-01-05;21433785,15;23672588,27;37,9151868347533
"6";"6/1";2019-01-06;0;8829815,68;2020-01-06;29108752,38;33062140,8;2021-01-06;1139760,17;18304358,8;2022-01-06;3262771,5;26935359,77;47,1527086215115
"7";"7/1";2019-01-07;17482511,8;26312327,48;2020-01-07;415287,3;33477428,1;2021-01-07;15393835,17;33698193,97;2022-01-07;25295288,78;52230648,55;54,9953941047957
"8";"8/1";2019-01-08;2985156,96;29297484,44;2020-01-08;10958360,5;44435788,6;2021-01-08;13830273,12;47528467,09;2022-01-08;0;52230648,55;9,89340020391558
"9";"9/1";2019-01-09;15122759,28;44420243,72;2020-01-09;9424596,31;53860384,91;2021-01-09;0;47528467,09;2022-01-09;0;52230648,55;9,89340020391558
"10";"10/1";2019-01-10;15934907,9;60355151,62;2020-01-10;16646955,42;70507340,33;2021-01-10;0;47528467,09;2022-01-10;27621314,24;79851962,79;68,0087065269582
"11";"11/1";2019-01-11;486530,48;60841682,1;2020-01-11;0;70507340,33;2021-01-11;23148993,55;70677460,64;2022-01-11;416749,49;80268712,28;13,5704530880837
"12";"12/1";2019-01-12;0;60841682,1;2020-01-12;0;70507340,33;2021-01-12;163282,81;70840743,45;2022-01-12;31643,96;80300356,24;13,353350528678
"13";"13/1";2019-01-13;0;60841682,1;2020-01-13;74973,42;70582313,75;2021-01-13;67041,69;70907785,14;2022-01-13;53267,54;80353623,78;13,3212997999446
"14";"14/1";2019-01-14;10510,99;60852193,09;2020-01-14;86140,67;70668454,42;2021-01-14;40580,88;70948366,02;2022-01-14;43466,41;80397090,19;13,3177473986314
"15";"15/1";2019-01-15;154573,69;61006766,78;2020-01-15;293778,28;70962232,7;2021-01-15;190548,45;71138914,47;2022-01-15;0;80397090,19;13,0142212444137
"16";"16/1";2019-01-16;206626,94;61213393,72;2020-01-16;305375,21;71267607,91;2021-01-16;0;71138914,47;2022-01-16;0;80397090,19;13,0142212444137
"17";"17/1";2019-01-17;124153,08;61337546,8;2020-01-17;1770480,97;73038088,88;2021-01-17;0;71138914,47;2022-01-17;125139,1;80522229,29;13,190129326414
"18";"18/1";2019-01-18;805253,23;62142800,03;2020-01-18;0;73038088,88;2021-01-18;987257,97;72126172,44;2022-01-18;668445,22;81190674,51;12,5675628739908
"19";"19/1";2019-01-19;0;62142800,03;2020-01-19;0;73038088,88;2021-01-19;424525,68;72550698,12;2022-01-19;72684,81;81263359,32;12,0090659714799
"20";"20/1";2019-01-20;0;62142800,03;2020-01-20;238514,41;73276603,29;2021-01-20;373443,79;72924141,91;2022-01-20;198325,31;81461684,63;11,7074297981273
"21";"21/1";2019-01-21;1006591,74;63149391,77;2020-01-21;222614,83;73499218,12;2021-01-21;33624,19;72957766,1;2022-01-21;7636,86;81469321,49;11,6664144819533
"22";"22/1";2019-01-22;318934,45;63468326,22;2020-01-22;41919,54;73541137,66;2021-01-22;3529329,67;76487095,77;2022-01-22;0;81469321,49;6,51381212718781
"23";"23/1";2019-01-23;495509,59;63963835,81;2020-01-23;274271,26;73815408,92;2021-01-23;0;76487095,77;2022-01-23;0;81469321,49;6,51381212718781
"24";"24/1";2019-01-24;3010586,22;66974422,03;2020-01-24;4439658,43;78255067,35;2021-01-24;0;76487095,77;2022-01-24;3025569,58;84494891,07;10,4694722938361
"25";"25/1";2019-01-25;1389959,52;68364381,55;2020-01-25;0;78255067,35;2021-01-25;1148124,82;77635220,59;2022-01-25;1413648,19;85908539,26;10,6566563566455
"26";"26/1";2019-01-26;0;68364381,55;2020-01-26;0;78255067,35;2021-01-26;274896,14;77910116,73;2022-01-26;35996,38;85944535,64;10,3124205779893
"27";"27/1";2019-01-27;0;68364381,55;2020-01-27;367202,88;78622270,23;2021-01-27;16508162,24;94418278,97;2022-01-27;33272554,08;119217089,72;26,2648408978938
"28";"28/1";2019-01-28;15815,5;68380197,05;2020-01-28;200639,78;78822910,01;2021-01-28;5771485,67;100189764,64;2022-01-28;7595270;126812359,72;26,5721704963175
"29";"29/1";2019-01-29;22937048,94;91317245,99;2020-01-29;24591760,96;103414670,97;2021-01-29;343445,34;100533209,98;2022-01-29;0;126812359,72;26,1397698782601
"30";"30/1";2019-01-30;65332,53;91382578,52;2020-01-30;727810,67;104142481,64;2021-01-30;0;100533209,98;2022-01-30;0;126812359,72;26,1397698782601
"31";"31/1";2019-01-31;288228,06;91670806,58;2020-01-31;753735,42;104896217,06;2021-01-31;0;100533209,98;2022-01-31;255101,31;127067461,03;26,3935181770071
"32";"1/2";2019-02-01;15363,68;91686170,26;2020-02-01;0;104896217,06;2021-02-01;66406,78;100599616,76;2022-02-01;734,72;127068195,75;26,3108149339634
"33";"2/2";2019-02-02;0;91686170,26;2020-02-02;0;104896217,06;2021-02-02;202546,37;100802163,13;2022-02-02;6265,89;127074461,64;26,0632288972984
"34";"3/2";2019-02-03;0;91686170,26;2020-02-03;205929,79;105102146,85;2021-02-03;627449,31;101429612,44;2022-02-03;961482,69;128035944,33;26,2313255961012
"35";"4/2";2019-02-04;42513,19;91728683,45;2020-02-04;320060,67;105422207,52;2021-02-04;1168233,53;102597845,97;2022-02-04;5606061,53;133642005,86;30,2581010317482
"36";"5/2";2019-02-05;21521314,4;113249997,85;2020-02-05;34583475,67;140005683,19;2021-02-05;32925425,35;135523271,32;2022-02-05;0;133642005,86;-1,38814938694765
"37";"6/2";2019-02-06;46008,07;113296005,92;2020-02-06;2246864,6;142252547,79;2021-02-06;0;135523271,32;2022-02-06;0;133642005,86;-1,38814938694765
"38";"7/2";2019-02-07;12692172,31;125988178,23;2020-02-07;4032400,07;146284947,86;2021-02-07;0;135523271,32;2022-02-07;30119682,21;163761688,07;20,8365814040328
"39";"8/2";2019-02-08;2738866,31;128727044,54;2020-02-08;0;146284947,86;2021-02-08;3070567,43;138593838,75;2022-02-08;8501893,75;172263581,82;24,2938238623541
"40";"9/2";2019-02-09;0;128727044,54;2020-02-09;0;146284947,86;2021-02-09;9393631,27;147987470,02;2022-02-09;5763885,04;178027466,86;20,2990137178102
"41";"10/2";2019-02-10;0;128727044,54;2020-02-10;16618149,04;162903096,9;2021-02-10;18452763,47;166440233,49;2022-02-10;20488690,58;198516157,44;19,2717369336827
"42";"11/2";2019-02-11;15126273,62;143853318,16;2020-02-11;190147,65;163093244,55;2021-02-11;33691,46;166473924,95;2022-02-11;803005,98;199319163,42;19,7299597999296
"43";"12/2";2019-02-12;478869,82;144332187,98;2020-02-12;410974,57;163504219,12;2021-02-12;161602,61;166635527,56;2022-02-12;0;199319163,42;19,613846061868
"44";"13/2";2019-02-13;21718,21;144353906,19;2020-02-13;56696,01;163560915,13;2021-02-13;0;166635527,56;2022-02-13;0;199319163,42;19,613846061868
"45";"14/2";2019-02-14;36463,39;144390369,58;2020-02-14;143332,04;163704247,17;2021-02-14;0;166635527,56;2022-02-14;35173,75;199354337,17;19,6349542556098
"46";"15/2";2019-02-15;45633,22;144436002,8;2020-02-15;0;163704247,17;2021-02-15;0;166635527,56;2022-02-15;279983,56;199634320,73;19,8029757838515
"47";"16/2";2019-02-16;0;144436002,8;2020-02-16;0;163704247,17;2021-02-16;0;166635527,56;2022-02-16;23768,69;199658089,42;19,8172396628382
"48";"17/2";2019-02-17;0;144436002,8;2020-02-17;59346,62;163763593,79;2021-02-17;126768,26;166762295,82;2022-02-17;174171,3;199832260,72;19,830600638705
"49";"18/2";2019-02-18;627919,84;145063922,64;2020-02-18;543374,26;164306968,05;2021-02-18;545913,46;167308209,28;2022-02-18;552531,15;200384791,87;19,7698503452657
"50";"19/2";2019-02-19;70066,11;145133988,75;2020-02-19;29681,04;164336649,09;2021-02-19;108727,88;167416937,16;2022-02-19;0;200384791,87;19,6920665670121
"51";"20/2";2019-02-20;1065862,36;146199851,11;2020-02-20;1196563,84;165533212,93;2021-02-20;0;167416937,16;2022-02-20;0;200384791,87;19,6920665670121
"52";"21/2";2019-02-21;62260,1;146262111,21;2020-02-21;3388119,85;168921332,78;2021-02-21;0;167416937,16;2022-02-21;94645,85;200479437,72;19,7485995866728
"53";"22/2";2019-02-22;15257,88;146277369,09;2020-02-22;0;168921332,78;2021-02-22;207502,44;167624439,6;2022-02-22;130212,32;200609650,04;19,6780436783038
"54";"23/2";2019-02-23;0;146277369,09;2020-02-23;0;168921332,78;2021-02-23;88866,34;167713305,94;2022-02-23;19243,82;200628893,86;19,626104044348
"55";"24/2";2019-02-24;0;146277369,09;2020-02-24;0;168921332,78;2021-02-24;15267738,47;182981044,41;2022-02-24;35031257,96;235660151,82;28,7893795665323
"56";"25/2";2019-02-25;4917199,9;151194568,99;2020-02-25;0;168921332,78;2021-02-25;9838148,21;192819192,62;2022-02-25;10981872;246642023,82;27,9136275122113
"57";"26/2";2019-02-26;21024408,61;172218977,6;2020-02-26;6676477,87;175597810,65;2021-02-26;351494,5;193170687,12;2022-02-26;0;246642023,82;27,6808751354614
"58";"27/2";2019-02-27;36667,21;172255644,81;2020-02-27;22244257,03;197842067,68;2021-02-27;0;193170687,12;2022-02-27;0;246642023,82;27,6808751354614
"59";"28/2";2019-02-28;289337,48;172544982,29;2020-02-28;272551,85;198114619,53;2021-02-28;0;193170687,12;2022-02-28;0;246642023,82;27,6808751354614
"60";"1/3";2019-03-01;5466493,22;178011475,51;2020-03-01;0;198114619,53;2021-03-01;305121,22;193475808,34;2022-03-01;0;246642023,82;27,4795158816805
"61";"2/3";2019-03-02;0;178011475,51;2020-03-02;56138,54;198170758,07;2021-03-02;216188,54;193691996,88;2022-03-02;101794,7;246743818,52;27,389785068336
"62";"3/3";2019-03-03;0;178011475,51;2020-03-03;381638,7;198552396,77;2021-03-03;357908,72;194049905,6;2022-03-03;1236335,93;247980154,45;27,7919479956707
"63";"4/3";2019-03-04;0;178011475,51;2020-03-04;237579,46;198789976,23;2021-03-04;765604,74;194815510,34;2022-03-04;5221946,66;253202101,11;29,9701962477738
"64";"5/3";2019-03-05;0;178011475,51;2020-03-05;24373158,01;223163134,24;2021-03-05;31557034,98;226372545,32;2022-03-05;0;253202101,11;11,8519477492616
"65";"6/3";2019-03-06;13191195,48;191202670,99;2020-03-06;11255520,76;234418655;2021-03-06;0;226372545,32;2022-03-06;0;253202101,11;11,8519477492616
"66";"7/3";2019-03-07;13972169,34;205174840,33;2020-03-07;0;234418655;2021-03-07;0;226372545,32;2022-03-07;34999145,33;288201246,44;27,3128090831859
"67";"8/3";2019-03-08;3034119,19;208208959,52;2020-03-08;0;234418655;2021-03-08;3814751,07;230187296,39;2022-03-08;9338453,5;297539699,94;29,259826500541
"68";"9/3";2019-03-09;0;208208959,52;2020-03-09;7989882,54;242408537,54;2021-03-09;7964190,66;238151487,05;2022-03-09;5988495,14;303528195,08;27,451732021423
"69";"10/3";2019-03-10;0;208208959,52;2020-03-10;15091391,2;257499928,74;2021-03-10;17567172,89;255718659,94;2022-03-10;24453573,09;327981768,17;28,258832674532
"70";"11/3";2019-03-11;16289093,79;224498053,31;2020-03-11;93973,7;257593902,44;2021-03-11;14697,38;255733357,32;2022-03-11;32857,58;328014625,75;28,2643098215593
"71";"12/3";2019-03-12;644410,52;225142463,83;2020-03-12;503275,49;258097177,93;2021-03-12;508954,12;256242311,44;2022-03-12;0;328014625,75;28,0095484257313
"72";"13/3";2019-03-13;9340,55;225151804,38;2020-03-13;50936,06;258148113,99;2021-03-13;0;256242311,44;2022-03-13;0;328014625,75;28,0095484257313
"73";"14/3";2019-03-14;16195,54;225167999,92;2020-03-14;0;258148113,99;2021-03-14;0;256242311,44;2022-03-14;52300,26;328066926,01;28,0299588956908
"74";"15/3";2019-03-15;96696,64;225264696,56;2020-03-15;0;258148113,99;2021-03-15;140637,28;256382948,72;2022-03-15;215335,44;328282261,45;28,0437186205087
"75";"16/3";2019-03-16;0;225264696,56;2020-03-16;68497,19;258216611,18;2021-03-16;20357,37;256403306,09;2022-03-16;142896,78;328425158,23;28,089283729719
"76";"17/3";2019-03-17;0;225264696,56;2020-03-17;156741,25;258373352,43;2021-03-17;11944,65;256415250,74;2022-03-17;36103,26;328461261,49;28,097396914606
"77";"18/3";2019-03-18;437473,53;225702170,09;2020-03-18;503623,79;258876976,22;2021-03-18;509486,86;256924737,6;2022-03-18;1023997,75;329485259,24;28,2419366534365
"78";"19/3";2019-03-19;4922,62;225707092,71;2020-03-19;55468,33;258932444,55;2021-03-19;346705,16;257271442,76;2022-03-19;0;329485259,24;28,0691147471684
"79";"20/3";2019-03-20;1294521,93;227001614,64;2020-03-20;390029,32;259322473,87;2021-03-20;0;257271442,76;2022-03-20;0;329485259,24;28,0691147471684
"80";"21/3";2019-03-21;9547,09;227011161,73;2020-03-21;0;259322473,87;2021-03-21;0;257271442,76;2022-03-21;403585,45;329888844,69;28,2259862000084
"81";"22/3";2019-03-22;131397,63;227142559,36;2020-03-22;0;259322473,87;2021-03-22;219576,01;257491018,77;2022-03-22;11504,37;329900349,06;28,1211090918393
"82";"23/3";2019-03-23;0;227142559,36;2020-03-23;10613,23;259333087,1;2021-03-23;25839,76;257516858,53;2022-03-23;25228,55;329925577,61;28,1180500155739
"83";"24/3";2019-03-24;0;227142559,36;2020-03-24;4739,52;259337826,62;2021-03-24;23715,57;257540574,1;2022-03-24;128126,48;330053704,09;28,1560023089193
"84";"25/3";2019-03-25;4659302,27;231801861,63;2020-03-25;4750172,51;264087999,13;2021-03-25;4527089,96;262067664,06;2022-03-25;4429441,42;334483145,51;27,6323604095699
"85";"26/3";2019-03-26;37204,28;231839065,91;2020-03-26;5022067,98;269110067,11;2021-03-26;4964885,05;267032549,11;2022-03-26;0;334483145,51;25,2593163735312
"86";"27/3";2019-03-27;26760595,31;258599661,22;2020-03-27;19562531,67;288672598,78;2021-03-27;0;267032549,11;2022-03-27;0;334483145,51;25,2593163735312
"87";"28/3";2019-03-28;97209,59;258696870,81;2020-03-28;0;288672598,78;2021-03-28;0;267032549,11;2022-03-28;6982821,31;341465966,82;27,8742864710992
"88";"29/3";2019-03-29;258859,73;258955730,54;2020-03-29;0;288672598,78;2021-03-29;15244468,49;282277017,6;2022-03-29;43351676,66;384817643,48;36,3262396463693
"89";"30/3";2019-03-30;0;258955730,54;2020-03-30;1035378,88;289707977,66;2021-03-30;174961,46;282451979,06;2022-03-30;218721,45;385036364,93;36,319230692382
"90";"31/3";2019-03-31;0;258955730,54;2020-03-31;431138,09;290139115,75;2021-03-31;302725,09;282754704,15;2022-03-31;229274,49;385265639,42;36,2543695172684
"91";"1/4";2019-04-01;35531,68;258991262,22;2020-04-01;80532,42;290219648,17;2021-04-01;312915,47;283067619,62;2022-04-01;4389,85;385270029,27;36,1052987223336
"92";"2/4";2019-04-02;35703,44;259026965,66;2020-04-02;8277,94;290227926,11;2021-04-02;0;283067619,62;2022-04-02;0;385270029,27;36,1052987223336
"93";"3/4";2019-04-03;248549,51;259275515,17;2020-04-03;1921039,84;292148965,95;2021-04-03;0;283067619,62;2022-04-03;0;385270029,27;36,1052987223336
"94";"4/4";2019-04-04;161290,98;259436806,15;2020-04-04;0;292148965,95;2021-04-04;0;283067619,62;2022-04-04;1565945,82;386835975,09;36,6585042857612
"95";"5/4";2019-04-05;23887806,99;283324613,14;2020-04-05;0;292148965,95;2021-04-05;23901278,45;306968898,07;2022-04-05;34445441,46;421281416,55;37,2391207052946
"96";"6/4";2019-04-06;0;283324613,14;2020-04-06;16587274,33;308736240,28;2021-04-06;39189,13;307008087,2;2022-04-06;150753,36;421432169,91;37,2707063691969
"97";"7/4";2019-04-07;0;283324613,14;2020-04-07;243627,48;308979867,76;2021-04-07;152343,13;307160430,33;2022-04-07;18187317,28;439619487,19;43,1237372332405
"98";"8/4";2019-04-08;11402275,32;294726888,46;2020-04-08;9931646,77;318911514,53;2021-04-08;13277733,5;320438163,83;2022-04-08;3484625,63;443104112,82;38,2806927626377
"99";"9/4";2019-04-09;7264313,93;301991202,39;2020-04-09;5128883,73;324040398,26;2021-04-09;8166476,7;328604640,53;2022-04-09;0;443104112,82;34,8441434379399
"100";"10/4";2019-04-10;11762382,45;313753584,84;2020-04-10;0;324040398,26;2021-04-10;0;328604640,53;2022-04-10;0;443104112,82;34,8441434379399
"101";"11/4";2019-04-11;253413,3;314006998,14;2020-04-11;0;324040398,26;2021-04-11;0;328604640,53;2022-04-11;18880372,78;461984485,6;40,589763082735
"102";"12/4";2019-04-12;214625,51;314221623,65;2020-04-12;0;324040398,26;2021-04-12;22641495,58;351246136,11;2022-04-12;697208,88;462681694,48;31,7257748666313
"103";"13/4";2019-04-13;0;314221623,65;2020-04-13;10666094,15;334706492,41;2021-04-13;34883,49;351281019,6;2022-04-13;8403254,59;471084949,07;34,1048684060469
"104";"14/4";2019-04-14;0;314221623,65;2020-04-14;234829,38;334941321,79;2021-04-14;114509,04;351395528,64;2022-04-14;712322,77;471797271,84;34,2638802679103
"105";"15/4";2019-04-15;87175,68;314308799,33;2020-04-15;240342,56;335181664,35;2021-04-15;151848,35;351547376,99;2022-04-15;0;471797271,84;34,2058859547175
"106";"16/4";2019-04-16;59100,57;314367899,9;2020-04-16;182057,11;335363721,46;2021-04-16;14210,65;351561587,64;2022-04-16;0;471797271,84;34,2004611502442
"107";"17/4";2019-04-17;15608,26;314383508,16;2020-04-17;531806,55;335895528,01;2021-04-17;0;351561587,64;2022-04-17;0;471797271,84;34,2004611502442
"108";"18/4";2019-04-18;967247,5;315350755,66;2020-04-18;0;335895528,01;2021-04-18;0;351561587,64;2022-04-18;753313,96;472550585,8;34,41473767717
"109";"19/4";2019-04-19;0;315350755,66;2020-04-19;0;335895528,01;2021-04-19;773988,52;352335576,16;2022-04-19;48694,73;472599280,53;34,1332844331867
"110";"20/4";2019-04-20;0;315350755,66;2020-04-20;123455,94;336018983,95;2021-04-20;223754,2;352559330,36;2022-04-20;549723,44;473149003,97;34,2040794912066
"111";"21/4";2019-04-21;0;315350755,66;2020-04-21;0;336018983,95;2021-04-21;0;352559330,36;2022-04-21;0;473149003,97;34,2040794912066
"112";"22/4";2019-04-22;913978,47;316264734,13;2020-04-22;37226;336056209,95;2021-04-22;10501,16;352569831,52;2022-04-22;12434,12;473161438,09;34,2036089843834
"113";"23/4";2019-04-23;187588,83;316452322,96;2020-04-23;34097,83;336090307,78;2021-04-23;34364,16;352604195,68;2022-04-23;0;473161438,09;34,1905297461093
"114";"24/4";2019-04-24;410317,11;316862640,07;2020-04-24;9190986,1;345281293,88;2021-04-24;0;352604195,68;2022-04-24;0;473161438,09;34,1905297461093
"115";"25/4";2019-04-25;4864972,63;321727612,7;2020-04-25;0;345281293,88;2021-04-25;0;352604195,68;2022-04-25;4505179,03;477666617,12;35,4682170468267
"116";"26/4";2019-04-26;22920386,82;344647999,52;2020-04-26;0;345281293,88;2021-04-26;8920753,36;361524949,04;2022-04-26;39897,54;477706514,66;32,1365277634395
"117";"27/4";2019-04-27;0;344647999,52;2020-04-27;314340,26;345595634,14;2021-04-27;87441,24;361612390,28;2022-04-27;42788537,59;520495052,25;43,9372837437831
"118";"28/4";2019-04-28;0;344647999,52;2020-04-28;11803294,72;357398928,86;2021-04-28;20653884,47;382266274,75;2022-04-28;188027,29;520683079,54;36,2095256455788
"119";"29/4";2019-04-29;340246,91;344988246,43;2020-04-29;185381,92;357584310,78;2021-04-29;564315,31;382830590,06;2022-04-29;342926,58;521026006,12;36,0983212021644
"120";"30/4";2019-04-30;304717,94;345292964,37;2020-04-30;471551,82;358055862,6;2021-04-30;309961,72;383140551,78;2022-04-30;0;521026006,12;35,9882173002596
"121";"1/5";2019-05-01;0;345292964,37;2020-05-01;0;358055862,6;2021-05-01;0;383140551,78;2022-05-01;0;521026006,12;35,9882173002596
"122";"2/5";2019-05-02;221351,49;345514315,86;2020-05-02;0;358055862,6;2021-05-02;0;383140551,78;2022-05-02;30888,86;521056894,98;35,9962793181944
"123";"3/5";2019-05-03;4114194,86;349628510,72;2020-05-03;0;358055862,6;2021-05-03;39262,05;383179813,83;2022-05-03;13515,58;521070410,56;35,9858718421884
"124";"4/5";2019-05-04;0;349628510,72;2020-05-04;87865,79;358143728,39;2021-05-04;82366,18;383262180,01;2022-05-04;1048207,94;522118618,5;36,2301436803331
"125";"5/5";2019-05-05;0;349628510,72;2020-05-05;15310904,78;373454633,17;2021-05-05;29807880,53;413070060,54;2022-05-05;22923012,28;545041630,78;31,9489556002862
"126";"6/5";2019-05-06;18164408,59;367792919,31;2020-05-06;439523,74;373894156,91;2021-05-06;10703320,07;423773380,61;2022-05-06;16252649,98;561294280,76;32,4515192417338
"127";"7/5";2019-05-07;640373,48;368433292,79;2020-05-07;2706942,65;376601099,56;2021-05-07;4053650,38;427827030,99;2022-05-07;0;561294280,76;31,1965444215047
"128";"8/5";2019-05-08;12278587,64;380711880,43;2020-05-08;9922660,96;386523760,52;2021-05-08;0;427827030,99;2022-05-08;0;561294280,76;31,1965444215047
"129";"9/5";2019-05-09;6813070,44;387524950,87;2020-05-09;0;386523760,52;2021-05-09;0;427827030,99;2022-05-09;6900403,06;568194683,82;32,8094399517456
"130";"10/5";2019-05-10;12413729,28;399938680,15;2020-05-10;0;386523760,52;2021-05-10;24048571,07;451875602,06;2022-05-10;38077279,42;606271963,24;34,1678905601766
"131";"11/5";2019-05-11;0;399938680,15;2020-05-11;14890024,34;401413784,86;2021-05-11;11784,04;451887386,1;2022-05-11;103745,88;606375709,12;34,1873501611334
"132";"12/5";2019-05-12;0;399938680,15;2020-05-12;193722,3;401607507,16;2021-05-12;368442,53;452255828,63;2022-05-12;42728,1;606418437,22;34,0874785532336
"133";"13/5";2019-05-13;417257,33;400355937,48;2020-05-13;213909,55;401821416,71;2021-05-13;11308,68;452267137,31;2022-05-13;12620,16;606431057,38;34,0869161944726
"134";"14/5";2019-05-14;254781,01;400610718,49;2020-05-14;197806,05;402019222,76;2021-05-14;676716,92;452943854,23;2022-05-14;0;606431057,38;33,8865847757062
"135";"15/5";2019-05-15;54405,61;400665124,1;2020-05-15;75260,45;402094483,21;2021-05-15;0;452943854,23;2022-05-15;0;606431057,38;33,8865847757062
"136";"16/5";2019-05-16;12598,65;400677722,75;2020-05-16;0;402094483,21;2021-05-16;0;452943854,23;2022-05-16;105277,97;606536335,35;33,9098278264766
"137";"17/5";2019-05-17;482453,87;401160176,62;2020-05-17;0;402094483,21;2021-05-17;141421,46;453085275,69;2022-05-17;24051,73;606560387,08;33,8733389992147
"138";"18/5";2019-05-18;0;401160176,62;2020-05-18;513691,85;402608175,06;2021-05-18;530024,1;453615299,79;2022-05-18;562153,42;607122540,5;33,8408428421761
"139";"19/5";2019-05-19;0;401160176,62;2020-05-19;79357,84;402687532,9;2021-05-19;20871,43;453636171,22;2022-05-19;49869,47;607172409,97;33,8456782088348
"140";"20/5";2019-05-20;1097234,74;402257411,36;2020-05-20;226774,01;402914306,91;2021-05-20;251219,21;453887390,43;2022-05-20;869001,11;608041411,08;33,9630542509583
"141";"21/5";2019-05-21;24052,68;402281464,04;2020-05-21;78596,01;402992902,92;2021-05-21;135750,48;454023140,91;2022-05-21;0;608041411,08;33,9230000174222
"142";"22/5";2019-05-22;97329,67;402378793,71;2020-05-22;54910,06;403047812,98;2021-05-22;0;454023140,91;2022-05-22;0;608041411,08;33,9230000174222
"143";"23/5";2019-05-23;116528,77;402495322,48;2020-05-23;0;403047812,98;2021-05-23;0;454023140,91;2022-05-23;9552,24;608050963,32;33,9251039278046
"144";"24/5";2019-05-24;4715880,7;407211203,18;2020-05-24;0;403047812,98;2021-05-24;14990,38;454038131,29;2022-05-24;796203,39;608847166,71;34,0960427663115
"145";"25/5";2019-05-25;0;407211203,18;2020-05-25;4461154,07;407508967,05;2021-05-25;4480268,04;458518399,33;2022-05-25;4442840,91;613290007,62;33,754721406198
"146";"26/5";2019-05-26;0;407211203,18;2020-05-26;44104,36;407553071,41;2021-05-26;12566,57;458530965,9;2022-05-26;37663,03;613327670,65;33,759269550349
"147";"27/5";2019-05-27;48222,93;407259426,11;2020-05-27;13392798,26;420945869,67;2021-05-27;24590142,75;483121108,65;2022-05-27;49787256,06;663114926,71;37,256459061158
"148";"28/5";2019-05-28;137229,13;407396655,24;2020-05-28;30059,37;420975929,04;2021-05-28;279379,38;483400488,03;2022-05-28;0;663114926,71;37,1771322392308
"149";"29/5";2019-05-29;27045729,21;434442384,45;2020-05-29;5359091,1;426335020,14;2021-05-29;0;483400488,03;2022-05-29;0;663114926,71;37,1771322392308
"150";"30/5";2019-05-30;177774,15;434620158,6;2020-05-30;0;426335020,14;2021-05-30;0;483400488,03;2022-05-30;262452,43;663377379,14;37,2314251984848
"151";"31/5";2019-05-31;954812,07;435574970,67;2020-05-31;0;426335020,14;2021-05-31;292605,84;483693093,87;2022-05-31;276015,38;663653394,52;37,2054724226365
"152";"1/6";2019-06-01;0;435574970,67;2020-06-01;39076,77;426374096,91;2021-06-01;6404,21;483699498,08;2022-06-01;15191,01;663668585,53;37,2067964023884
"153";"2/6";2019-06-02;0;435574970,67;2020-06-02;39080,63;426413177,54;2021-06-02;882441,58;484581939,66;2022-06-02;170114,89;663838700,42;36,992043262234
"154";"3/6";2019-06-03;31736,37;435606707,04;2020-06-03;477843,91;426891021,45;2021-06-03;0;484581939,66;2022-06-03;4487745,13;668326445,55;37,9181498218695
"155";"4/6";2019-06-04;135636,5;435742343,54;2020-06-04;772834,47;427663855,92;2021-06-04;6845286,72;491427226,38;2022-06-04;0;668326445,55;35,9970326579365
"156";"5/6";2019-06-05;24373050,48;460115394,02;2020-06-05;24144284,43;451808140,35;2021-06-05;0;491427226,38;2022-06-05;0;668326445,55;35,9970326579365
"157";"6/6";2019-06-06;10743021,8;470858415,82;2020-06-06;0;451808140,35;2021-06-06;0;491427226,38;2022-06-06;16126739,64;684453185,19;39,2786456362801
"158";"7/6";2019-06-07;2812691,31;473671107,13;2020-06-07;0;451808140,35;2021-06-07;30079572,55;521506798,93;2022-06-07;8216535,57;692669720,76;32,8208418722791
"159";"8/6";2019-06-08;0;473671107,13;2020-06-08;3184497,32;454992637,67;2021-06-08;6192410,24;527699209,17;2022-06-08;10488221,38;703157942,14;33,2497623496486
"160";"9/6";2019-06-09;0;473671107,13;2020-06-09;7126771,47;462119409,14;2021-06-09;7305517,11;535004726,28;2022-06-09;7870346,75;711028288,89;32,9013098321446
"161";"10/6";2019-06-10;15503556,84;489174663,97;2020-06-10;14315539,32;476434948,46;2021-06-10;21759647,38;556764373,66;2022-06-10;35914209,73;746942498,62;34,1577396035286
"162";"11/6";2019-06-11;17623,2;489192287,17;2020-06-11;0;476434948,46;2021-06-11;9252,6;556773626,26;2022-06-11;0;746942498,62;34,1555101374711
"163";"12/6";2019-06-12;168109,11;489360396,28;2020-06-12;230427,6;476665376,06;2021-06-12;0;556773626,26;2022-06-12;0;746942498,62;34,1555101374711
"164";"13/6";2019-06-13;129375,7;489489771,98;2020-06-13;0;476665376,06;2021-06-13;0;556773626,26;2022-06-13;83501,31;747025999,93;34,1705074911642
"165";"14/6";2019-06-14;30273,18;489520045,16;2020-06-14;0;476665376,06;2021-06-14;542252,06;557315878,32;2022-06-14;134531,9;747160531,83;34,0641027638181
"166";"15/6";2019-06-15;0;489520045,16;2020-06-15;140231,6;476805607,66;2021-06-15;111069,63;557426947,95;2022-06-15;350447,17;747510979;34,1002586525562
"167";"16/6";2019-06-16;0;489520045,16;2020-06-16;77179,42;476882787,08;2021-06-16;17222,04;557444169,99;2022-06-16;0;747510979;34,096115672608
"168";"17/6";2019-06-17;56518,76;489576563,92;2020-06-17;42689,72;476925476,8;2021-06-17;48878,89;557493048,88;2022-06-17;558867,8;748069846,8;34,1846052256378
"169";"18/6";2019-06-18;690485,58;490267049,5;2020-06-18;560380,82;477485857,62;2021-06-18;561288,17;558054337,05;2022-06-18;0;748069846,8;34,0496430427303
"170";"19/6";2019-06-19;68327,22;490335376,72;2020-06-19;80030,41;477565888,03;2021-06-19;0;558054337,05;2022-06-19;0;748069846,8;34,0496430427303
"171";"20/6";2019-06-20;0;490335376,72;2020-06-20;0;477565888,03;2021-06-20;0;558054337,05;2022-06-20;1485953,51;749555800,31;34,3159170256287
"172";"21/6";2019-06-21;691997,94;491027374,66;2020-06-21;0;477565888,03;2021-06-21;140387,12;558194724,17;2022-06-21;53001,3;749608801,61;34,2916314238943
"173";"22/6";2019-06-22;0;491027374,66;2020-06-22;214192,12;477780080,15;2021-06-22;57766,25;558252490,42;2022-06-22;50866,34;749659667,95;34,2868470476496
"174";"23/6";2019-06-23;0;491027374,66;2020-06-23;18495,57;477798575,72;2021-06-23;1634,42;558254124,84;2022-06-23;185009,46;749844677,41;34,3195946156083
"175";"24/6";2019-06-24;189912,38;491217287,04;2020-06-24;119364,96;477917940,68;2021-06-24;29993,67;558284118,51;2022-06-24;58659,51;749903336,92;34,3228854371518
"176";"25/6";2019-06-25;5257165,53;496474452,57;2020-06-25;4506225,88;482424166,56;2021-06-25;4454681,5;562738800,01;2022-06-25;0;749903336,92;33,2595756515588
"177";"26/6";2019-06-26;23946435,21;520420887,78;2020-06-26;18649542,61;501073709,17;2021-06-26;0;562738800,01;2022-06-26;0;749903336,92;33,2595756515588
"178";"27/6";2019-06-27;246523,54;520667411,32;2020-06-27;0;501073709,17;2021-06-27;0;562738800,01;2022-06-27;10679754,11;760583091,03;35,1573929177239
"179";"28/6";2019-06-28;342291,68;521009703;2020-06-28;0;501073709,17;2021-06-28;26209593,58;588948393,59;2022-06-28;19800653,99;780383745,02;32,5046054142511
"180";"29/6";2019-06-29;0;521009703;2020-06-29;94548,35;501168257,52;2021-06-29;125943,79;589074337,38;2022-06-29;161584,28;780545329,3;32,5037061997298
"181";"30/6";2019-06-30;0;521009703;2020-06-30;595539,08;501763796,6;2021-06-30;534933,78;589609271,16;2022-06-30;367234,79;780912564,09;32,445774224959
"182";"1/7";2019-07-01;85744,59;521095447,59;2020-07-01;150363,21;501914159,81;2021-07-01;207457,05;589816728,21;2022-07-01;25397,2;780937961,29;32,4034948381377
"183";"2/7";2019-07-02;9270,93;521104718,52;2020-07-02;182283,38;502096443,19;2021-07-02;1477389,74;591294117,95;2022-07-02;0;780937961,29;32,0726754389998
"184";"3/7";2019-07-03;72840,82;521177559,34;2020-07-03;4051584,68;506148027,87;2021-07-03;0;591294117,95;2022-07-03;0;780937961,29;32,0726754389998
"185";"4/7";2019-07-04;310578,89;521488138,23;2020-07-04;0;506148027,87;2021-07-04;0;591294117,95;2022-07-04;1800514,89;782738476,18;32,3771795487721
"186";"5/7";2019-07-05;21210237,49;542698375,72;2020-07-05;0;506148027,87;2021-07-05;28048965,42;619343083,37;2022-07-05;16938864,74;799677340,92;29,1170213072787
"187";"6/7";2019-07-06;0;542698375,72;2020-07-06;15363496,72;521511524,59;2021-07-06;73584,73;619416668,1;2022-07-06;346578,18;800023919,1;29,1576349654902
"188";"7/7";2019-07-07;0;542698375,72;2020-07-07;646156,69;522157681,28;2021-07-07;296303,58;619712971,68;2022-07-07;353693,68;800377612,78;29,1529545702796
"189";"8/7";2019-07-08;14571711,9;557270087,62;2020-07-08;13096099,09;535253780,37;2021-07-08;21873728,66;641586700,34;2022-07-08;15668711,36;816046324,14;27,1919015321776
"190";"9/7";2019-07-09;1398505,41;558668593,03;2020-07-09;4527827,72;539781608,09;2021-07-09;1770679,36;643357379,7;2022-07-09;0;816046324,14;26,8418378165687
"191";"10/7";2019-07-10;13844034,73;572512627,76;2020-07-10;13908956,53;553690564,62;2021-07-10;0;643357379,7;2022-07-10;0;816046324,14;26,8418378165687
"192";"11/7";2019-07-11;180898,74;572693526,5;2020-07-11;0;553690564,62;2021-07-11;0;643357379,7;2022-07-11;20510911,58;836557235,72;30,0299432502181
"193";"12/7";2019-07-12;420039,81;573113566,31;2020-07-12;0;553690564,62;2021-07-12;25860274,9;669217654,6;2022-07-12;344832,15;836902067,87;25,0567826651595
"194";"13/7";2019-07-13;0;573113566,31;2020-07-13;394986,24;554085550,86;2021-07-13;17987,71;669235642,31;2022-07-13;17636,64;836919704,51;25,0560567308108
"195";"14/7";2019-07-14;0;573113566,31;2020-07-14;54224,3;554139775,16;2021-07-14;235356,72;669470999,03;2022-07-14;127584,94;837047289,45;25,0311500666649
"196";"15/7";2019-07-15;244367,6;573357933,91;2020-07-15;156176,58;554295951,74;2021-07-15;93096,57;669564095,6;2022-07-15;142508,09;837189797,54;25,0350493763842
"197";"16/7";2019-07-16;38880,13;573396814,04;2020-07-16;29320,29;554325272,03;2021-07-16;43881,38;669607976,98;2022-07-16;0;837189797,54;25,0268554618795
"198";"17/7";2019-07-17;34622,69;573431436,73;2020-07-17;588872,69;554914144,72;2021-07-17;0;669607976,98;2022-07-17;0;837189797,54;25,0268554618795
"199";"18/7";2019-07-18;485795,03;573917231,76;2020-07-18;0;554914144,72;2021-07-18;0;669607976,98;2022-07-18;487060,44;837676857,98;25,099593609683
"200";"19/7";2019-07-19;87109,5;574004341,26;2020-07-19;0;554914144,72;2021-07-19;579554,83;670187531,81;2022-07-19;10712,99;837687570,97;24,993010345571
"201";"20/7";2019-07-20;0;574004341,26;2020-07-20;282772,56;555196917,28;2021-07-20;205029,91;670392561,72;2022-07-20;1747950,69;839435521,66;25,2155184279332
"202";"21/7";2019-07-21;0;574004341,26;2020-07-21;271684,3;555468601,58;2021-07-21;13055,2;670405616,92;2022-07-21;83514,71;839519036,37;25,2255373734705
"203";"22/7";2019-07-22;1063326,51;575067667,77;2020-07-22;319694,24;555788295,82;2021-07-22;46083,61;670451700,53;2022-07-22;34867,81;839553904,18;25,2221306197483
"204";"23/7";2019-07-23;164387,36;575232055,13;2020-07-23;102256,54;555890552,36;2021-07-23;273228,94;670724929,47;2022-07-23;0;839553904,18;25,1711196784361
"205";"24/7";2019-07-24;222432,22;575454487,35;2020-07-24;4694065,5;560584617,86;2021-07-24;0;670724929,47;2022-07-24;0;839553904,18;25,1711196784361
"206";"25/7";2019-07-25;4806928,77;580261416,12;2020-07-25;0;560584617,86;2021-07-25;0;670724929,47;2022-07-25;1875153,23;841429057,41;25,4506908032908
"207";"26/7";2019-07-26;13198,12;580274614,24;2020-07-26;0;560584617,86;2021-07-26;5061072,31;675786001,78;2022-07-26;6863981,47;848293038,88;25,526873395664
"208";"27/7";2019-07-27;0;580274614,24;2020-07-27;105163,27;560689781,13;2021-07-27;50092,66;675836094,44;2022-07-27;71776,32;848364815,2;25,5281897755043
"209";"28/7";2019-07-28;0;580274614,24;2020-07-28;1882143,5;562571924,63;2021-07-28;30305049,34;706141143,78;2022-07-28;120366,28;848485181,48;20,1580150022171
"210";"29/7";2019-07-29;14504923,02;594779537,26;2020-07-29;20935078,64;583507003,27;2021-07-29;5470800,93;711611944,71;2022-07-29;473707,67;848958889,15;19,3008205470711
"211";"30/7";2019-07-30;128943;594908480,26;2020-07-30;475447,71;583982450,98;2021-07-30;441083,25;712053027,96;2022-07-30;0;848958889,15;19,2269193183869
"212";"31/7";2019-07-31;257324,93;595165805,19;2020-07-31;210550,92;584193001,9;2021-07-31;0;712053027,96;2022-07-31;0;848958889,15;19,2269193183869
"213";"1/8";2019-08-01;30063,56;595195868,75;2020-08-01;0;584193001,9;2021-08-01;0;712053027,96;2022-08-01;38042,79;848996931,94;19,2322620089599
"214";"2/8";2019-08-02;132540,91;595328409,66;2020-08-02;0;584193001,9;2021-08-02;20599,46;712073627,42;2022-08-02;26527,59;849023459,53;19,2325381584766
"215";"3/8";2019-08-03;0;595328409,66;2020-08-03;90199,65;584283201,55;2021-08-03;19085,03;712092712,45;2022-08-03;34627,44;849058086,97;19,2342053394651
"216";"4/8";2019-08-04;0;595328409,66;2020-08-04;574985,14;584858186,69;2021-08-04;2358534,67;714451247,12;2022-08-04;334264,85;849392351,82;18,8873775843987
"217";"5/8";2019-08-05;17360855,84;612689265,5;2020-08-05;26749767,86;611607954,55;2021-08-05;28628486,96;743079734,08;2022-08-05;9710628,27;859102980,09;15,6138353246368
"218";"6/8";2019-08-06;646702,43;613335967,93;2020-08-06;3309754,48;614917709,03;2021-08-06;12769611,17;755849345,25;2022-08-06;0;859102980,09;13,6606104760001
"219";"7/8";2019-08-07;7130778,53;620466746,46;2020-08-07;9852804,36;624770513,39;2021-08-07;0;755849345,25;2022-08-07;0;859102980,09;13,6606104760001
"220";"8/8";2019-08-08;1997193,35;622463939,81;2020-08-08;0;624770513,39;2021-08-08;0;755849345,25;2022-08-08;517636,19;859620616,28;13,7290945189186
"221";"9/8";2019-08-09;6551021,66;629014961,47;2020-08-09;0;624770513,39;2021-08-09;7249196,05;763098541,3;2022-08-09;6524098,11;866144714,39;13,5036522169801
"222";"10/8";2019-08-10;0;629014961,47;2020-08-10;21057514,65;645828028,04;2021-08-10;29265581,94;792364123,24;2022-08-10;6547952,72;872692667,11;10,1378320287312
"223";"11/8";2019-08-11;0;629014961,47;2020-08-11;325879,62;646153907,66;2021-08-11;58424,27;792422547,51;2022-08-11;65033,92;872757701,03;10,137918686493
"224";"12/8";2019-08-12;9912575,96;638927537,43;2020-08-12;373002,16;646526909,82;2021-08-12;46165,21;792468712,72;2022-08-12;75585,12;872833286,15;10,1410405407885
"225";"13/8";2019-08-13;111859,11;639039396,54;2020-08-13;165431,59;646692341,41;2021-08-13;66368,2;792535080,92;2022-08-13;0;872833286,15;10,1318171476759
"226";"14/8";2019-08-14;22896,15;639062292,69;2020-08-14;116245,34;646808586,75;2021-08-14;0;792535080,92;2022-08-14;0;872833286,15;10,1318171476759
"227";"15/8";2019-08-15;129654,32;639191947,01;2020-08-15;0;646808586,75;2021-08-15;0;792535080,92;2022-08-15;78367,56;872911653,71;10,141705361067
"228";"16/8";2019-08-16;435005,99;639626953;2020-08-16;0;646808586,75;2021-08-16;113225,49;792648306,41;2022-08-16;56184,67;872967838,38;10,1330604406104
"229";"17/8";2019-08-17;0;639626953;2020-08-17;150538,76;646959125,51;2021-08-17;6238,32;792654544,73;2022-08-17;35983,75;873003822,13;10,1367333265425
"230";"18/8";2019-08-18;0;639626953;2020-08-18;618342,32;647577467,83;2021-08-18;727995,87;793382540,6;2022-08-18;867576,04;873871398,17;10,1450250605628
"231";"19/8";2019-08-19;694184,11;640321137,11;2020-08-19;55904,39;647633372,22;2021-08-19;25045,37;793407585,97;2022-08-19;60687,84;873932086,01;10,1491971420405
"232";"20/8";2019-08-20;905216,45;641226353,56;2020-08-20;229453,63;647862825,85;2021-08-20;178013,26;793585599,23;2022-08-20;0;873932086,01;10,124489010128
"233";"21/8";2019-08-21;50698,7;641277052,26;2020-08-21;20428,88;647883254,73;2021-08-21;0;793585599,23;2022-08-21;0;873932086,01;10,124489010128
"234";"22/8";2019-08-22;289086,03;641566138,29;2020-08-22;0;647883254,73;2021-08-22;0;793585599,23;2022-08-22;144387,44;874076473,45;10,1426833221392
"235";"23/8";2019-08-23;27900,94;641594039,23;2020-08-23;0;647883254,73;2021-08-23;39162,64;793624761,87;2022-08-23;34608,85;874111082,3;10,1416090194
"236";"24/8";2019-08-24;0;641594039,23;2020-08-24;51639,42;647934894,15;2021-08-24;204234,83;793828996,7;2022-08-24;130461,77;874241544,07;10,1297064864449
"237";"25/8";2019-08-25;0;641594039,23;2020-08-25;4520465,96;652455360,11;2021-08-25;4472467,6;798301464,3;2022-08-25;1110602,98;875352147,05;9,65182781138488
"238";"26/8";2019-08-26;4239461,4;645833500,63;2020-08-26;53624,28;652508984,39;2021-08-26;111509,72;798412974,02;2022-08-26;8870,51;875361017,56;9,63762439287122
"239";"27/8";2019-08-27;194929,31;646028429,94;2020-08-27;21254289,64;673763274,03;2021-08-27;39016363,21;837429337,23;2022-08-27;0;875361017,56;4,52953803307969
"240";"28/8";2019-08-28;14413137,23;660441567,17;2020-08-28;4555123,27;678318397,3;2021-08-28;0;837429337,23;2022-08-28;0;875361017,56;4,52953803307969
"241";"29/8";2019-08-29;306691,21;660748258,38;2020-08-29;0;678318397,3;2021-08-29;0;837429337,23;2022-08-29;22948,82;875383966,38;4,5322784219077
"242";"30/8";2019-08-30;286579,53;661034837,91;2020-08-30;0;678318397,3;2021-08-30;248771,46;837678108,69;2022-08-30;285141,86;875669108,24;4,53527424865048
"243";"31/8";2019-08-31;0;661034837,91;2020-08-31;283601,04;678601998,34;2021-08-31;405475,26;838083583,95;2022-08-31;733403,42;876402511,66;4,57220836248787
"244";"1/9";2019-09-01;0;661034837,91;2020-09-01;37628,25;678639626,59;2021-09-01;123231,89;838206815,84;2022-09-01;1929,6;876404441,26;4,55706452132826
"245";"2/9";2019-09-02;88760,25;661123598,16;2020-09-02;53818,49;678693445,08;2021-09-02;248402,43;838455218,27;2022-09-02;63087,98;876467529,24;4,53361254622895
"246";"3/9";2019-09-03;43376,13;661166974,29;2020-09-03;722457,14;679415902,22;2021-09-03;8759709,58;847214927,85;2022-09-03;0;876467529,24;3,45279579341633
"247";"4/9";2019-09-04;194807,94;661361782,23;2020-09-04;13427188,33;692843090,55;2021-09-04;0;847214927,85;2022-09-04;0;876467529,24;3,45279579341633
"248";"5/9";2019-09-05;22955300,3;684317082,53;2020-09-05;0;692843090,55;2021-09-05;0;847214927,85;2022-09-05;10059445,05;886526974,29;4,64015035001368
"249";"6/9";2019-09-06;10787783,73;695104866,26;2020-09-06;0;692843090,55;2021-09-06;21871470,65;869086398,5;2022-09-06;57341,21;886584315,5;2,0133691000343
"250";"7/9";2019-09-07;0;695104866,26;2020-09-07;0;692843090,55;2021-09-07;0;869086398,5;2022-09-07;0;886584315,5;2,0133691000343
"251";"8/9";2019-09-08;0;695104866,26;2020-09-08;19744525,85;712587616,4;2021-09-08;17704523,84;886790922,34;2022-09-08;573038,32;887157353,82;0,041321067995724
"252";"9/9";2019-09-09;7548177;702653043,26;2020-09-09;9096504,49;721684120,89;2021-09-09;8077337,88;894868260,22;2022-09-09;7257274,03;894414627,85;-0,050692642723576
"253";"10/9";2019-09-10;12433118,09;715086161,35;2020-09-10;16236859,4;737920980,29;2021-09-10;26874395,08;921742655,3;2022-09-10;0;894414627,85;-2,96482182883307
"254";"11/9";2019-09-11;44449,74;715130611,09;2020-09-11;132179,28;738053159,57;2021-09-11;0;921742655,3;2022-09-11;0;894414627,85;-2,96482182883307
"255";"12/9";2019-09-12;418661,53;715549272,62;2020-09-12;0;738053159,57;2021-09-12;0;921742655,3;2022-09-12;5935565,97;900350193,82;-2,32087137955412
"256";"13/9";2019-09-13;3448160,25;718997432,87;2020-09-13;0;738053159,57;2021-09-13;139605,72;921882261,02;2022-09-13;47329,32;900397523,14;-2,33052948173974
"257";"14/9";2019-09-14;0;718997432,87;2020-09-14;209529,87;738262689,44;2021-09-14;83148,31;921965409,33;2022-09-14;74879,17;900472402,31;-2,33121620426293
"258";"15/9";2019-09-15;0;718997432,87;2020-09-15;286469,99;738549159,43;2021-09-15;176971,24;922142380,57;2022-09-15;76360,46;900548762,77;-2,34167936047495
"259";"16/9";2019-09-16;88358,88;719085791,75;2020-09-16;344000,45;738893159,88;2021-09-16;75636,98;922218017,55;2022-09-16;27382,43;900576145,2;-2,34671974935976
"260";"17/9";2019-09-17;37746,77;719123538,52;2020-09-17;309460,99;739202620,87;2021-09-17;750745,55;922968763,1;2022-09-17;0;900576145,2;-2,42615121933155
"261";"18/9";2019-09-18;580209,74;719703748,26;2020-09-18;627843,58;739830464,45;2021-09-18;0;922968763,1;2022-09-18;0;900576145,2;-2,42615121933155
"262";"19/9";2019-09-19;19604,72;719723352,98;2020-09-19;0;739830464,45;2021-09-19;0;922968763,1;2022-09-19;108346,71;900684491,91;-2,41441228359162
"263";"20/9";2019-09-20;1392625,04;721115978,02;2020-09-20;0;739830464,45;2021-09-20;211824,39;923180587,49;2022-09-20;208928,23;900893420,14;-2,41417201054842
"264";"21/9";2019-09-21;0;721115978,02;2020-09-21;1222856,97;741053321,42;2021-09-21;165935,09;923346522,58;2022-09-21;97009,93;900990430,07;-2,42120287056835
"265";"22/9";2019-09-22;0;721115978,02;2020-09-22;40819,74;741094141,16;2021-09-22;125296,8;923471819,38;2022-09-22;11285,1;901001715,17;-2,43322034722033
"266";"23/9";2019-09-23;59453,49;721175431,51;2020-09-23;59277,48;741153418,64;2021-09-23;45229,25;923517048,63;2022-09-23;26008,27;901027723,44;-2,43518246072034
"267";"24/9";2019-09-24;151235,7;721326667,21;2020-09-24;150123,51;741303542,15;2021-09-24;55426,93;923572475,56;2022-09-24;0;901027723,44;-2,44103767886004
"268";"25/9";2019-09-25;4864481,78;726191148,99;2020-09-25;9245186,46;750548728,61;2021-09-25;0;923572475,56;2022-09-25;0;901027723,44;-2,44103767886004
"269";"26/9";2019-09-26;24546109,53;750737258,52;2020-09-26;0;750548728,61;2021-09-26;0;923572475,56;2022-09-26;164580,07;901192303,51;-2,42321773788571
"270";"27/9";2019-09-27;651472,78;751388731,3;2020-09-27;0;750548728,61;2021-09-27;4866824,11;928439299,67;2022-09-27;2835,98;901195139,49;-2,93440402508634
"271";"28/9";2019-09-28;0;751388731,3;2020-09-28;21437306,18;771986034,79;2021-09-28;36389747,3;964829046,97;2022-09-28;26344,32;901221483,81;-6,59262522824707
"272";"29/9";2019-09-29;0;751388731,3;2020-09-29;101660,22;772087695,01;2021-09-29;323541,75;965152588,72;2022-09-29;54631,69;901276115,5;-6,61827714773205
"273";"30/9";2019-09-30;366543,67;751755274,97;2020-09-30;445114,17;772532809,18;2021-09-30;314980,53;965467569,25;2022-09-30;408033,33;901684148,83;-6,60647984991858
"274";"1/10";2019-10-01;25884,31;751781159,28;2020-10-01;13774,13;772546583,31;2021-10-01;29805,97;965497375,22;2022-10-01;0;901684148,83;-6,60936301100346
"275";"2/10";2019-10-02;26698,56;751807857,84;2020-10-02;120827,61;772667410,92;2021-10-02;0;965497375,22;2022-10-02;0;901684148,83;-6,60936301100346
"276";"3/10";2019-10-03;90932,98;751898790,82;2020-10-03;0;772667410,92;2021-10-03;0;965497375,22;2022-10-03;16812,31;901700961,14;-6,60762170021055
"277";"4/10";2019-10-04;11282260,83;763181051,65;2020-10-04;0;772667410,92;2021-10-04;167933,63;965665308,85;2022-10-04;761219,36;902462180,5;-6,54503457572354
"278";"5/10";2019-10-05;0;763181051,65;2020-10-05;25974420,53;798641831,45;2021-10-05;32205937,75;997871246,6;2022-10-05;9782076,15;912244256,65;-8,5809657550263
"279";"6/10";2019-10-06;0;763181051,65;2020-10-06;143963,4;798785794,85;2021-10-06;111121,72;997982368,32;2022-10-06;200008,14;912444264,79;-8,57110368332405
"280";"7/10";2019-10-07;14940209,97;778121261,62;2020-10-07;146438,1;798932232,95;2021-10-07;7356334,26;1005338702,58;2022-10-07;2948205;915392469,79;-8,94685866158053
"281";"8/10";2019-10-08;15404275,74;793525537,36;2020-10-08;12394210,43;811326443,38;2021-10-08;15337065,18;1020675767,76;2022-10-08;0;915392469,79;-10,3150580522801
"282";"9/10";2019-10-09;7872217,15;801397754,51;2020-10-09;9817801,95;821144245,33;2021-10-09;0;1020675767,76;2022-10-09;0;915392469,79;-10,3150580522801
"283";"10/10";2019-10-10;11818891,66;813216646,17;2020-10-10;0;821144245,33;2021-10-10;0;1020675767,76;2022-10-10;11302855,07;926695324,86;-9,20766867094844
"284";"11/10";2019-10-11;56747,79;813273393,96;2020-10-11;0;821144245,33;2021-10-11;31194674,56;1051870442,32;2022-10-11;41835,13;926737159,99;-11,8962637693295
"285";"12/10";2019-10-12;0;813273393,96;2020-10-12;0;821144245,33;2021-10-12;0;1051870442,32;2022-10-12;0;926737159,99;-11,8962637693295
"286";"13/10";2019-10-13;0;813273393,96;2020-10-13;15865026,67;837009272;2021-10-13;457174,3;1052327616,62;2022-10-13;108170,96;926845330,95;-11,9242604383072
"287";"14/10";2019-10-14;66685,75;813340079,71;2020-10-14;96387,19;837105659,19;2021-10-14;53660,4;1052381277,02;2022-10-14;177768,88;927023099,83;-11,9118593163281
"288";"15/10";2019-10-15;383255,63;813723335,34;2020-10-15;118489,33;837224148,52;2021-10-15;88026,24;1052469303,26;2022-10-15;0;927023099,83;-11,9192268165383
"289";"16/10";2019-10-16;267342,03;813990677,37;2020-10-16;320446,69;837544595,21;2021-10-16;0;1052469303,26;2022-10-16;0;927023099,83;-11,9192268165383
"290";"17/10";2019-10-17;32230,35;814022907,72;2020-10-17;0;837544595,21;2021-10-17;0;1052469303,26;2022-10-17;65971,38;927089071,21;-11,9129585691134
"291";"18/10";2019-10-18;533338,56;814556246,28;2020-10-18;0;837544595,21;2021-10-18;594911,96;1053064215,22;2022-10-18;71039,68;927160110,89;-11,9559759519221
"292";"19/10";2019-10-19;0;814556246,28;2020-10-19;581291,17;838125886,38;2021-10-19;51628,21;1053115843,43;2022-10-19;32663,4;927192774,29;-11,9571906476944
"293";"20/10";2019-10-20;0;814556246,28;2020-10-20;415329,32;838541215,7;2021-10-20;153587,07;1053269430,5;2022-10-20;169312,57;927362086,86;-11,9539540400627
"294";"21/10";2019-10-21;490277,12;815046523,4;2020-10-21;212251,19;838753466,89;2021-10-21;59768,21;1053329198,71;2022-10-21;26308,5;927388395,36;-11,9564523136963
"295";"22/10";2019-10-22;248956,84;815295480,24;2020-10-22;149190,43;838902657,32;2021-10-22;51557,06;1053380755,77;2022-10-22;0;927388395,36;-11,9607615498825
"296";"23/10";2019-10-23;69479,66;815364959,9;2020-10-23;311782,65;839214439,97;2021-10-23;0;1053380755,77;2022-10-23;0;927388395,36;-11,9607615498825
"297";"24/10";2019-10-24;61206,72;815426166,62;2020-10-24;0;839214439,97;2021-10-24;0;1053380755,77;2022-10-24;42523,66;927430919,02;-11,9567246752987
"298";"25/10";2019-10-25;4594228,48;820020395,1;2020-10-25;0;839214439,97;2021-10-25;1773784,65;1055154540,42;2022-10-25;273084,95;927704003,97;-12,0788502127156
"299";"26/10";2019-10-26;0;820020395,1;2020-10-26;4512537,96;843726977,93;2021-10-26;3044554,86;1058199095,28;2022-10-26;6501,05;927710505,02;-12,3311946534478
"300";"27/10";2019-10-27;0;820020395,1;2020-10-27;60046,73;843787024,66;2021-10-27;38452780,64;1096651875,92;2022-10-27;18176,45;927728681,47;-15,4035385484831
"301";"28/10";2019-10-28;96479,78;820116874,88;2020-10-28;21778125,78;865565150,44;2021-10-28;6594377,37;1103246253,29;2022-10-28;119467,86;927848149,33;-15,8983638908307
"302";"29/10";2019-10-29;26816295,93;846933170,81;2020-10-29;5445132,12;871010282,56;2021-10-29;492494,54;1103738747,83;2022-10-29;0;927848149,33;-15,9358905217207
"303";"30/10";2019-10-30;269228,15;847202398,96;2020-10-30;301427,73;871311710,29;2021-10-30;0;1103738747,83;2022-10-30;0;927848149,33;-15,9358905217207
"304";"31/10";2019-10-31;240426,91;847442825,87;2020-10-31;0;871311710,29;2021-10-31;0;1103738747,83;2022-10-31;141491,29;927989640,62;-15,9230712481129
"305";"1/11";2019-11-01;14209,99;847457035,86;2020-11-01;0;871311710,29;2021-11-01;22052,1;1103760799,93;2022-11-01;87845,74;928077486,36;-15,9167922598032
"306";"2/11";2019-11-02;0;847457035,86;2020-11-02;0;871311710,29;2021-11-02;0;1103760799,93;2022-11-02;0;928077486,36;-15,9167922598032
"307";"3/11";2019-11-03;0;847457035,86;2020-11-03;167835,3;871479545,59;2021-11-03;1730043,98;1105490843,91;2022-11-03;218851,48;928296337,84;-16,0285819684659
"308";"4/11";2019-11-04;652612,6;848109648,46;2020-11-04;1647576,77;873127122,36;2021-11-04;1387261,7;1106878105,61;2022-11-04;2860283,87;931156621,71;-15,8754141950581
"309";"5/11";2019-11-05;27090576,52;875200224,98;2020-11-05;26994841,04;900121963,4;2021-11-05;41710309,93;1148588415,54;2022-11-05;0;931156621,71;-18,9303488428251
"310";"6/11";2019-11-06;2085004,98;877285229,96;2020-11-06;10618051,08;910740014,48;2021-11-06;0;1148588415,54;2022-11-06;0;931156621,71;-18,9303488428251
"311";"7/11";2019-11-07;14270494,13;891555724,09;2020-11-07;0;910740014,48;2021-11-07;0;1148588415,54;2022-11-07;7288252,08;938444873,79;-18,2958089170003
"312";"8/11";2019-11-08;3989290,6;895545014,69;2020-11-08;0;910740014,48;2021-11-08;7091456,17;1155679871,71;2022-11-08;228905,64;938673779,43;-18,7773532785431
"313";"9/11";2019-11-09;0;895545014,69;2020-11-09;10173621,66;920913636,14;2021-11-09;9156750,94;1164836622,65;2022-11-09;5814158,01;944487937,44;-18,9167030745228
"314";"10/11";2019-11-10;0;895545014,69;2020-11-10;18798730,61;939712366,75;2021-11-10;29694636,09;1194531258,74;2022-11-10;7352730,76;951840668,2;-20,3168053380195
"315";"11/11";2019-11-11;16588593;912133607,69;2020-11-11;353901,31;940066268,06;2021-11-11;52257,47;1194583516,21;2022-11-11;29009,37;951869677,57;-20,317862698294
"316";"12/11";2019-11-12;117960,52;912251568,21;2020-11-12;71342,61;940137610,67;2021-11-12;73130,28;1194656646,49;2022-11-12;0;951869677,57;-20,3227403985344
"317";"13/11";2019-11-13;234196,64;912485764,85;2020-11-13;158787,38;940296398,05;2021-11-13;0;1194656646,49;2022-11-13;0;951869677,57;-20,3227403985344
"318";"14/11";2019-11-14;97814,05;912583578,9;2020-11-14;0;940296398,05;2021-11-14;0;1194656646,49;2022-11-14;37015,84;951906693,41;-20,3196419484393
"319";"15/11";2019-11-15;0;912583578,9;2020-11-15;0;940296398,05;2021-11-15;0;1194656646,49;2022-11-15;0;951906693,41;-20,3196419484393
"320";"16/11";2019-11-16;0;912583578,9;2020-11-16;159388,27;940455786,32;2021-11-16;424453,69;1195081100,18;2022-11-16;74275,03;951980968,44;-20,3417267416734
"321";"17/11";2019-11-17;0;912583578,9;2020-11-17;246230,13;940702016,45;2021-11-17;52498,5;1195133598,68;2022-11-17;226938,4;952207906,84;-20,3262373435327
"322";"18/11";2019-11-18;751857;913335435,9;2020-11-18;6120660,09;946822676,54;2021-11-18;652254,68;1195785853,36;2022-11-18;92722,5;952300629,34;-20,3619421768403
"323";"19/11";2019-11-19;533204,74;913868640,64;2020-11-19;81121,39;946903797,93;2021-11-19;129327,45;1195915180,81;2022-11-19;0;952300629,34;-20,3705543151479
"324";"20/11";2019-11-20;159227,64;914027868,28;2020-11-20;281233,73;947185031,66;2021-11-20;0;1195915180,81;2022-11-20;0;952300629,34;-20,3705543151479
"325";"21/11";2019-11-21;12827,98;914040696,26;2020-11-21;0;947185031,66;2021-11-21;0;1195915180,81;2022-11-21;128650,45;952429279,79;-20,3597968256482
"326";"22/11";2019-11-22;54261,49;914094957,75;2020-11-22;0;947185031,66;2021-11-22;145788,58;1196060969,39;2022-11-22;21257,31;952450537,1;-20,3677269407297
"327";"23/11";2019-11-23;0;914094957,75;2020-11-23;62719,03;947247750,69;2021-11-23;38502,93;1196099472,32;2022-11-23;9729,69;952460266,79;-20,3694768845126
"328";"24/11";2019-11-24;0;914094957,75;2020-11-24;567708,78;947815459,47;2021-11-24;38419,39;1196137891,71;2022-11-24;248210,27;952708477,06;-20,3512836051028
"329";"25/11";2019-11-25;4650208,48;918745166,23;2020-11-25;4068912,68;951884372,15;2021-11-25;4487277,77;1200625169,48;2022-11-25;45675,73;952754152,79;-20,6451624529373
"330";"26/11";2019-11-26;14753,47;918759919,7;2020-11-26;21568706,76;973453078,91;2021-11-26;40948209,36;1241573378,84;2022-11-26;0;952754152,79;-23,2623565366586
"331";"27/11";2019-11-27;28731236,46;947491156,16;2020-11-27;137279,43;973590358,34;2021-11-27;0;1241573378,84;2022-11-27;0;952754152,79;-23,2623565366586
"332";"28/11";2019-11-28;44520,4;947535676,56;2020-11-28;0;973590358,34;2021-11-28;0;1241573378,84;2022-11-28;30051,32;952784204,11;-23,2599361142726
"333";"29/11";2019-11-29;461416,35;947997092,91;2020-11-29;0;973590358,34;2021-11-29;164927,33;1241738306,17;2022-11-29;19911,15;952804115,26;-23,2685252177799
"334";"30/11";2019-11-30;0;947997092,91;2020-11-30;312784,73;973903143,07;2021-11-30;476270,75;1242214576,92;2022-11-30;0;952804115,26;-23,2979444161392
"335";"1/12";2019-12-01;0;947997092,91;2020-12-01;54909,45;973958052,52;2021-12-01;9842,54;1242224419,46;NA;0;NA;NA
"336";"2/12";2019-12-02;29526,95;948026619,86;2020-12-02;967760,64;974925813,16;2021-12-02;185860,24;1242410279,7;NA;0;NA;NA
"337";"3/12";2019-12-03;41599,18;948068219,04;2020-12-03;87351,7;975013164,86;2021-12-03;7928713,67;1250338993,37;NA;0;NA;NA
"338";"4/12";2019-12-04;961905,59;949030124,63;2020-12-04;16379062,5;991392227,36;2021-12-04;0;1250338993,37;NA;0;NA;NA
"339";"5/12";2019-12-05;29669010,36;978699134,99;2020-12-05;0;991392227,36;2021-12-05;0;1250338993,37;NA;0;NA;NA
"340";"6/12";2019-12-06;11126265,27;989825400,26;2020-12-06;0;991392227,36;2021-12-06;34491434,75;1284830428,12;NA;0;NA;NA
"341";"7/12";2019-12-07;0;989825400,26;2020-12-07;19637913,94;1011030141,3;2021-12-07;277660,99;1285108089,11;NA;0;NA;NA
"342";"8/12";2019-12-08;0;989825400,26;2020-12-08;3405187,01;1014435328,31;2021-12-08;6516814,56;1291624903,67;NA;0;NA;NA
"343";"9/12";2019-12-09;8976715,08;998802115,34;2020-12-09;9644778,4;1024080106,71;2021-12-09;7123475,06;1298748378,73;NA;0;NA;NA
"344";"10/12";2019-12-10;13995433,31;1012797548,65;2020-12-10;18370397,01;1042450503,72;2021-12-10;25664390,86;1324412769,59;NA;0;NA;NA
"345";"11/12";2019-12-11;616284,64;1013413833,29;2020-12-11;488531,93;1042939035,65;2021-12-11;0;1324412769,59;NA;0;NA;NA
"346";"12/12";2019-12-12;183501,87;1013597335,16;2020-12-12;0;1042939035,65;2021-12-12;0;1324412769,59;NA;0;NA;NA
"347";"13/12";2019-12-13;65268,48;1013662603,64;2020-12-13;0;1042939035,65;2021-12-13;168585,15;1324581354,74;NA;0;NA;NA
"348";"14/12";2019-12-14;0;1013662603,64;2020-12-14;462359,72;1043401395,37;2021-12-14;76750,38;1324658105,12;NA;0;NA;NA
"349";"15/12";2019-12-15;0;1013662603,64;2020-12-15;866032,46;1044267427,83;2021-12-15;956092,92;1325614198,04;NA;0;NA;NA
"350";"16/12";2019-12-16;593398,65;1014256002,29;2020-12-16;24464,32;1044291892,15;2021-12-16;306963,41;1325921161,45;NA;0;NA;NA
"351";"17/12";2019-12-17;71130,03;1014327132,32;2020-12-17;59272,28;1044351164,43;2021-12-17;39555,87;1325960717,32;NA;0;NA;NA
"352";"18/12";2019-12-18;76296,65;1014403428,97;2020-12-18;4664840,01;1049016004,44;2021-12-18;0;1325960717,32;NA;0;NA;NA
"353";"19/12";2019-12-19;4219079,74;1018622508,71;2020-12-19;0;1049016004,44;2021-12-19;0;1325960717,32;NA;0;NA;NA
"354";"20/12";2019-12-20;6600518,76;1025223027,47;2020-12-20;0;1049016004,44;2021-12-20;3995951,66;1329956668,98;NA;0;NA;NA
"355";"21/12";2019-12-21;0;1025223027,47;2020-12-21;332076,17;1049348080,61;2021-12-21;7167053,37;1337123722,35;NA;0;NA;NA
"356";"22/12";2019-12-22;0;1025223027,47;2020-12-22;82274,19;1049430354,8;2021-12-22;12633,22;1337136355,57;NA;0;NA;NA
"357";"23/12";2019-12-23;266052,28;1025489079,75;2020-12-23;52888,58;1049483243,38;2021-12-23;1248541,9;1338384897,47;NA;0;NA;NA
"358";"24/12";2019-12-24;58604,2;1025547683,95;2020-12-24;40428,92;1049523672,3;2021-12-24;2407,62;1338387305,09;NA;0;NA;NA
"359";"25/12";2019-12-25;0;1025547683,95;2020-12-25;0;1049523672,3;2021-12-25;0;1338387305,09;NA;0;NA;NA
"360";"26/12";2019-12-26;15993358,64;1041541042,59;2020-12-26;0;1049523672,3;2021-12-26;0;1338387305,09;NA;0;NA;NA
"361";"27/12";2019-12-27;242316,12;1041783358,71;2020-12-27;0;1049523672,3;2021-12-27;64835,59;1338452140,68;NA;0;NA;NA
"362";"28/12";2019-12-28;0;1041783358,71;2020-12-28;14302693,51;1063826365,81;2021-12-28;32455384,04;1370907524,72;NA;0;NA;NA
"363";"29/12";2019-12-29;0;1041783358,71;2020-12-29;253448,47;1064079814,28;2021-12-29;138520,4;1371046045,12;NA;0;NA;NA
"364";"30/12";2019-12-30;1088797,94;1042872156,65;2020-12-30;740262,64;1064820076,92;2021-12-30;341336,47;1371387381,59;NA;0;NA;NA
"365";"31/12";2019-12-31;2672,93;1042874829,58;2020-12-31;1,54;1064820078,46;2021-12-31;345,03;1371387726,62;NA;0;NA;NA
